46993506fbb2d58e625e6a88ce862659babc96b5,src/main/java,src/test/java
34ac55a907313408fc95fac18dde698b01669710,src/main/java,src/test/java
08ef4cf5771b9b90909085a772ab1a262bea851c,src/main/java,src/test/java
52d2682cd66db0bd741d50c59dc99bec29758350,src/main/java,src/test/java
48aa4e70c8fbf65a1e997b5c1b65c2cd054526ee,src/main/java,src/test/java
4c36e783eaccc349689afb1864ca082c515892cf,src/main/java,src/test/java
1780da711d88f669e29e0517f83d692fb80099db,src/main/java,src/test/java
0da657a65c92b086a301a6ffe9e34ec272f8889c,src/main/java,src/test/java
c3ef1eab8bbeb0bdd92551e97c982e607534823f,src/main/java,src/test/java
1656c2d3449530ad3bb90a126f8251582807ecdd,src/main/java,src/test/java
2ee362dfab41dbffcdd8093284c3eaaaf14a41c0,src/main/java,src/test/java
c0b655ace5665c0cd32e3f5e5b46edad4d223125,src/main/java,src/test/java
3cbdc6d04c979eb6fe397a31519fb207a3e95d37,src/main/java,src/test/java
ad5c90bbabdbce834068bc79d3eb00c823e97008,src/main/java,src/test/java
8e6a20853777c3023a50e010790f2a48ed8c16c2,src/main/java,src/test/java
c96f11dee94aa7609ae42c070406299a15659c36,src/main/java,src/test/java
4e2c1ea70a35acd022ed3efb221dfc8d685f0657,src/main/java,src/test/java
54606689c6e272e6709e076b0b8a6ee16b2fcba3,src/main/java,src/test/java
4460156833ea2a1fd83388e6b4f4bb6c4de1f8cf,src/main/java,src/test/java
a3dfabcd4d8cfcd1d265d8c288cfadc0a06a15a5,src/main/java,src/test/java
de4209544270def43e39db0d214d1564939f8e40,src/main/java,src/test/java
92c4697300e8ddf06152bc0838c738d50673c1d2,src/main/java,src/test/java
f0c382649df267bd85872ef7358f7dc1d38edd4d,src/main/java,src/test/java
b2d0c9b8e7e5d5e9d066f0fc4ada5057f311802b,src/main/java,src/test/java
80384c483058df4ecb84fd0e48971af33c017dca,src/main/java,src/test/java
7649266607a79c3fae2780cf975415ba06439c80,src/main/java,src/test/java
a50ec429ece53bbc35b94cdb9ba0861c597d3eb7,src/main/java,src/test/java
1f848131e1465be831dc7102e712549af3be1386,src/main/java,src/test/java
dd7d68a8097d89d452d6db68f9fa4b7b9bc9de4c,src/main/java,src/test/java
d609e65f7bfb38c66e2a8670242e72108b3d0e98,src/main/java,src/test/java
277e61721f34be16a20da663fd597edf6b51939b,src/main/java,src/test/java
9d2516726940805842c7496fb274030767b1a542,src/main/java,src/test/java
79f57d75aab85c6810c2d662ef522b65069d8800,src/main/java,src/test/java
fad32c139e681618273bc1f3f218902acff64810,src/main/java,src/test/java
5e237550379d526ccf1a6f1666ed0d3208ac76a3,src/main/java,src/test/java
c8beebc50617c8d7f412cfb0fb215e649ebed2a0,src/main/java,src/test/java
365a42b67b5de7bdc75b4bcdf8bf0fecf95cd5ca,src/main/java,src/test/java
a3294d85659899fbf9248406e17bf82f26290180,src/main/java,src/test/java
3c23e7abac5ec9cc48de688e626eefdc85abac34,src/main/java,src/test/java
4b8cf0ca5877a0c1b0b22d728ec70318c2cfd92b,src/main/java,src/test/java
99aef4eb42a71ff00f205c445ff4a6e3dfb5ba12,src/main/java,src/test/java
685eaa8c16b810e0cb1c90fcc5f92d274776a7a9,src/main/java,src/test/java
8a6f965d03dfb60f32edfdf9fba728b00fe5eb65,src/main/java,src/test/java
13061415c2fb098b5f8e8abbff58d79e86b76b09,src/main/java,src/test/java
70ab293fdef89769c64d994f901fb4167e0959a4,src/main/java,src/test/java
6ba5a58c844f55701e9816175265584aad6168c1,src/main/java,src/test/java
3130c9ac34507bd94f5624477af7bcbe159194b8,src/main/java,src/test/java
f5bcba812fb8bc59ff5e4bc055811039b610aa2b,src/main/java,src/test/java
e54a1c92302f3167b06bc04859b87ac0681bcdf3,src/main/java,src/test/java
6c9d06a658d87c01fb02d1efce15bf6b74eb7aab,src/main/java,src/test/java
419a052c6842192e78f747d9f5af619c2ca56e78,src/main/java,src/test/java
96cd02e82c219349086092cdc2c5a450efc8be13,src/main/java,src/test/java
1cd68eed57febf806c385bf04a596b922f4c1964,src/main/java,src/test/java
3f96c7ac9dafc82265a6dd3e145a21448af14282,src/main/java,src/test/java
acb3a83d48b169febcb52587d4798e5e369f0290,src/main/java,src/test/java
565d8d16ef5ef46d20158303ca5407aeffde1887,src/main/java,src/test/java
ca5886b32b1367d45a7b2d1c2516139477d7dc42,src/main/java,src/test/java
1e1b887f3352b119d829b702fdaffd7c74be6f3e,src/main/java,src/test/java
13e1e3784a6285a420b62223100bac9b34c84cb3,src/main/java,src/test/java
9aeffe4d3d4057e3bb0531c5c4ec273625df6308,src/main/java,src/test/java
9a59bc116596824147d8b9e976e0f3e94943d945,src/main/java,src/test/java
2dda4cfe42c2205f88fa1397a15d9adec4b124d6,src/main/java,src/test/java
56ba368f5c6a20cb31654f75ac8bda63d24f4842,src/main/java,src/test/java
55046479fe33e47a002ab4f4949bd944ba70d37d,src/main/java,src/test/java
196e63174afdb3df1529c1b97bb8437b16831cc3,src/main/java,src/test/java
3078642226f4c7353818edf283084b4aff96fc11,src/main/java,src/test/java
c61875d7d7cbfd09f1c3605f02620daa628d9c1b,src/main/java,src/test/java
80e065be1eea3120b5cb68692377f9311c3d328f,src/main/java,src/test/java
de98c0f0a566060ac143c39036f06a03f141dc52,src/main/java,src/test/java
c929aee12a2b777152371fc061e4b79f088fa039,src/main/java,src/test/java
85de48c08285878cc1235a40221f6c17db4a0fa7,src/main/java,src/test/java
c6b46664ce20152f9c765f5aa822e55acd30f49a,src/main/java,src/test/java
d2a916e325a1c47f12137ea902aaac100ed1f5db,src/main/java,src/test/java
7e2ffcc9034de41d7787f0b33b5670474f7a10de,src/main/java,src/test/java
44bd80fdc827170da0d1f7fe3eb20e2130748496,src/main/java,src/test/java
71d26087887d715c22d682f94948fe007828c324,src/main/java,src/test/java
06b393d11a28f15276599526538dec5dbfde1fb7,src/main/java,src/test/java
e972c0368e8f0eb58bd55556be6104ce5ec19f89,src/main/java,src/test/java
02f64e7355618ef222c2320bd6731cce8c244fc5,src/main/java,src/test/java
aa2bd1d0656b0001192aa2b2ef779cfd1f3b7e4d,src/main/java,src/test/java
cc82d38aaf6ec24758a0a6df9535b8204e22ef12,src/main/java,src/test/java
d9aef65cd7326812c1282929d2b55fc97e8bbd9d,src/main/java,src/test/java
67fc870987c8da66ae719764a6ce2e1a9d3bfc76,src/main/java,src/test/java
a6b2e992e17cee0d4cb5a2da8242a20b8e5a8fc3,src/main/java,src/test/java
8079ea5b8d1366445da532906e43afa9291473cf,src/main/java,src/test/java
0f37f87216b67d12b722d706f3e313b731ee31ab,src/main/java,src/test/java
ff2cfb203a95bbbdf284b3724e56a04d9449c75a,src/main/java,src/test/java
3d2561d5e80d8b605a0671526c997a1014c869b2,src/main/java,src/test/java
9d5668f0cb9ae0296d6cfd4269c796798149ed42,src/main/java,src/test/java
db3ed53258fe849595f79b24ee90b930a75c7523,src/main/java,src/test/java
1200bf1ef1b15a4163840d251bf060697359d9de,src/main/java,src/test/java
d3e0209a49fb413bdb89068af15f4811b730e666,src/main/java,src/test/java
45396be13029618a8c2842a3e53d699d21854404,src/main/java,src/test/java
c73c80b4e9aa2e7e4277d3d8554addae6f0b2e7b,src/main/java,src/test/java
e23eb4d782b2faca29e8c517564bcb3938516d28,src/main/java,src/test/java
3954b85348837e7e2b9dfad5726a2ba5ee834df2,src/main/java,src/test/java
e4d49aa0ed81bfffa943d346d404adad452b72da,src/main/java,src/test/java
4f5a775568f6bc3622331a970134149784ca29f7,src/main/java,src/test/java
b68a5bed0a567093b58b96a8144f4949c38cf9a1,src/main/java,src/test/java
144a521db90614386a19e330dbe0a0e684f4152a,src/main/java,src/test/java
2bfd2cc7db199cd6c5e8958e1712a45171eb09ff,src/main/java,src/test/java
efcf91bce70116ab1f628dee5c9ed1c2f18d2db9,src/main/java,src/test/java
b221a7342856a2a548f5d9817055defc0ec4dea6,src/main/java,src/test/java
875ed1f4d90d1457c0ab40dafc79be5a0c6f9bf6,src/main/java,src/test/java
46d4d64f679af3cfb544bb97464914b5f409d44c,src/main/java,src/test/java
87324e56a31c110a1653955cdd715e9e88a54ed7,src/main/java,src/test/java
332bd8d0838b94591ac4f38256564b72a217dad1,src/main/java,src/test/java
44e0590e2dcfa2cba064866c502c06bc0aa32993,src/main/java,src/test/java
3330dd2dfe3805faa6140fad0c0c0ef3a7ab78a1,src/main/java,src/test/java
c7b14e50703bb6d5aa215a02ec72d791342fb9b4,src/main/java,src/test/java
1a8c5fdf4adc279c16ebe228321eb6946fa2a23f,src/main/java,src/test/java
be48cdb1e44684934167770bafacd7e1ea0569d0,src/main/java,src/test/java
2f90cfdde4bbed36a9d6acdba15bd7b88d058050,src/main/java,src/test/java
c78f0c013df6029b9f96c5d652f4564926b21a9d,src/main/java,src/test/java
2981b3509c97809867e2a8b9835378b703ab4746,src/main/java,src/test/java
e9c43d6b521223d3702436f355de4a12a9f3f5c9,src/main/java,src/test/java
f9a3b1be9e5750399dae4dfc5f8479454fd85ad9,src/main/java,src/test/java
2e0e68cf7e2c1c0c11e8edb74160c68dfeec3e8a,src/main/java,src/test/java
dc2e4861996516cd25c87f19636c545a5751a6e6,src/main/java,src/test/java
4bf4af876ed28972a5066fa0a7f987114e415b63,src/main/java,src/test/java
893f858e5c48d471b145439e719496596650473f,src/main/java,src/test/java
d8a107f696af12e38c7c85394a06748592f53810,src/main/java,src/test/java
ba204bf3ae1d66e5b74bf8e6f43af138615e5eb5,src/main/java,src/test/java
ce6d20cc61b1a562c120d65a320ce6ed52e13188,src/main/java,src/test/java
07611165b6176b6e3e6d5ac6ca052a102f10e3c4,src/main/java,src/test/java
621806b796bc416f00341feca894ebae07be5ed0,src/main/java,src/test/java
3a610d3651fd86fca04ffb426da0984cb4ec6ab1,src/main/java,src/test/java
84a782982974cb9a9f23981055a6fb951322db9c,src/main/java,src/test/java
146638add36b741ecd1def8358b0ed5f916a6dca,src/main/java,src/test/java
c88186eb8dec1ed3f0234ddcc0f1a0ad75b3ca1b,src/main/java,src/test/java
3d76b1e6be73fe75019bdf4773dcb0eeb4469984,src/main/java,src/test/java
9adba00985da43d7344519b51fa4af3212cff1bb,src/main/java,src/test/java
ab871bcafec8254952044e7ff720b82e42a16a7f,src/main/java,src/test/java
4585a30b8bb961b23f524e952174060be0248125,src/main/java,src/test/java
7c7d7e8f103582e753c39a2baf14a483e991fefb,src/main/java,src/test/java
5f1b2dfe73a57ebc4e416e7a3fd41bb8bfa8cc98,src/main/java,src/test/java
6e62aefca7aefe26a2ebc43fcdcd6cd58953f7de,src/main/java,src/test/java
4c5534fc9c99e4bfd55991c42821bf26fc0eef49,src/main/java,src/test/java
0dd459826d7f17c9382004ef7707d9af2ab87f58,src/main/java,src/test/java
7f7c4852c00878beb0fe92627700ad52ed51f261,src/main/java,src/test/java
c73fad0a0d42103b5e13a68317ea95b1090263ba,src/main/java,src/test/java
4e38287447d77ad441aa176820f2279ac5b0a105,src/main/java,src/test/java
efa9de05114492ca38cf4739a07339f5ad6faddc,src/main/java,src/test/java
5a50073d07ca309d78cfc4e071f4bbe051bdbd40,src/main/java,src/test/java
3f753c8b3e033dda43e8b2ac7667fa85f6bcfb7e,src/main/java,src/test/java
f015c7614bf133e93b0b916ae41b2600636ddee1,src/main/java,src/test/java
dbb408e860279d92b7502474328bb5385c2d9243,src/main/java,src/test/java
468ed8550b7759858a4dc59d694859a8ae7d35f0,src/main/java,src/test/java
dc51e1e5c307ca480722b6666e69fac51e65b711,src/main/java,src/test/java
472da042032e8f2f0d016cdfd2f4347b788a2371,src/main/java,src/test/java
51461f1c9ce91953ed3e6dbd01b0e2c8bbd75da2,src/main/java,src/test/java
b0cba9a79ee99b09958dec8e40c75bed47b7f780,src/main/java,src/test/java
2b4c1f87a73448323d21cd459f967013a41870ca,src/main/java,src/test/java
f1b04e990f4fc86544b6230fab1aa8ecfb74fbb1,src/main/java,src/test/java
4e21bb6f6c4bc7380dc58bd8d23c99ea8f4ef5bd,src/main/java,src/test/java
d5ff460ba69e4261f066d7856e2f90b886924513,src/main/java,src/test/java
be09075a6d2a252b68c40e5c308449a8df08bc57,src/main/java,src/test/java
4de0d1aff7d56ac3bc8ccc566cdc70c62a5a53df,src/main/java,src/test/java
33201599dd578318ce0b87b1cd15c29a7d046097,src/main/java,src/test/java
996dd998e3081e4a842017b8ebcdae9b6059b530,src/main/java,src/test/java
0a2da597fa38d518fe0c1f411c370e0b9d74b0ca,src/main/java,src/test/java
23beda6ef46c374b90d712e801ed71f07d90fed8,src/main/java,src/test/java
9d552d480d2ac9c70aa7164b7e7931e7c2017c87,src/main/java,src/test/java
cd7d5abdd2caf6a742c10eef49d7f31b329eca2a,src/main/java,src/test/java
f1791c640b8a107325d1737b8403a8cccecc39ec,src/main/java,src/test/java
480a0aa8123ad447186e40f33fb0605c69a845f6,src/main/java,src/test/java
b6f2d0304ac9530e5c43b6c889ca65a6c1640754,src/main/java,src/test/java
8f2603b07bcc8184acdb3f473b21d6e37b092067,src/main/java,src/test/java
5f2077bb774d283e7984a2d5dc0c2759f2954963,src/main/java,src/test/java
1566dd339f6efc2347b0962fac7fce22adbc31ff,src/main/java,src/test/java
d3fc5af31eb696af03cfbe2e18584c7e1d307d54,src/main/java,src/test/java
a55c951a3d573464e3905de7328fcdc487eebfb4,src/main/java,src/test/java
fd2759092b941101d28574bfb00705d2aab9660e,src/main/java,src/test/java
e1776ba6ae75701bd275edd60356cada29342214,src/main/java,src/test/java
2e923443a18297c4a31b2aac910368a321bbf9d3,src/main/java,src/test/java
f5582b78775e8ab86e42dfad07105b94cf7b16d2,src/main/java,src/test/java
263e2f462f4e9a95eb3ebd77896f2175afdd5dea,src/main/java,src/test/java
04ced3cdc78d31f415c7691ea13a5daa9ec5d6ec,src/main/java,src/test/java
c04c01c5c8b49b7ece6d096ff45896a6f3306f1b,src/main/java,src/test/java
717b56b998f0fe37f2a8f6b1468ddc62f3802c4a,src/main/java,src/test/java
490ec33e24dfc8784f6e91325f142dee1e4107da,src/main/java,src/test/java
b22e2b565ee266bc28092596a490fb8e756b3aa2,src/main/java,src/test/java
db0926e7876cd7d9835654ea43a8b0517f38c6fc,src/main/java,src/test/java
7cac17f918f3e895e5091724967c7e7c3547916a,src/main/java,src/test/java
f8c8f362262695340230d532f73dcd7d96027bcd,src/main/java,src/test/java
dc3a7941d539e9e397b3dd39d5f6dc24b2b9d5fa,src/main/java,src/test/java
9d7956155b6b19415e6cb08e06c3f0fae8cb67ff,src/main/java,src/test/java
e4b70069ea2bd312d5f9b03cbabfb6571bb88430,src/main/java,src/test/java
07b8843782615cfc37f074141432ad4ac7b2a203,src/main/java,src/test/java
bb5612d4d36bf33644926c5b99732dbe1e7f75ce,src/main/java,src/test/java
29d5df5e1f75a870a6c5cbc751255531d80c1f0c,src/main/java,src/test/java
f53a01e17cc110a11becf334ed4abf7cd53617e7,src/main/java,src/test/java
d4d928c858a58bab3134060ace8d3eb18f5dbaf2,src/main/java,src/test/java
7bbddc2203bed78fafe7739a97df1f53e767341a,src/main/java,src/test/java
350b2b1aa1ed5d7df05a77bf13f701ac1712dbc0,src/main/java,src/test/java
39f47ff0e9880ad47f7f5f7b5933e04b1d17c2cb,src/main/java,src/test/java
076a3c09aa3514d7a4681a9b5d75c7b2ab9fe7b8,src/main/java,src/test/java
631c5bcbb2d8d46eed1091031310ed24fcd866ed,src/main/java,src/test/java
a25e7f7abe7f6b3f4147febee4a917ce92241aab,src/main/java,src/test/java
9632f16b94e47fe52428cbc7ebe2ce7b6a06c53b,src/main/java,src/test/java
57afb23d6de53c4bcda39d2930133c79ad6d212c,src/main/java,src/test/java
7a589011b7dcf8d90f935a01e83064ed9b33c24d,src/main/java,src/test/java
5d236a32d6864dc432546cbc4d09bc1b11521b9d,src/main/java,src/test/java
09b43a8b8ef8438db50f3dcbcf9571af5433bd4f,src/main/java,src/test/java
a7a8be5ea5ec9ee72635181436fd046825d5af84,src/main/java,src/test/java
0205f258448edf94193b64eeae38f8601706195e,src/main/java,src/test/java
108d8975ebe4ee51dde2fe4dd9cea3dc2d71329c,src/main/java,src/test/java
b5d4a9b41ca408af39b5d3d31c355ba0552d6ada,src/main/java,src/test/java
6a45aa94229623ff937dd5350789b994b962b7e2,src/main/java,src/test/java
1a73125486a9aa79b6bd0a95943ddb65522ff0b1,src/main/java,src/test/java
52ba41f4252de96642f708d636d1116fa7f8b92b,src/main/java,src/test/java
05ac740be873e55a42a77b2806115d939e971ad8,src/main/java,src/test/java
30d168ead0b1274fd3ff0e067115b34c3d338a62,src/main/java,src/test/java
6a5ef0149e123d9de19910d59e45d0e66bfd665c,src/main/java,src/test/java
2d846db3aec18dd081e680be05f6e0faad1cb186,src/main/java,src/test/java
8d6478346e45d728656ccac760adc8126b3d225c,src/main/java,src/test/java
f81847d8079753ce45b049813730055188a22efb,src/main/java,src/test/java
04b07ea61cace08acdbc390ca52c8c155fa75337,src/main/java,src/test/java
13da14c03d4c1157e66950ceb06861b7a00fc59b,src/main/java,src/test/java
8314db7b32c336a254cb7147868587fa5c3e5845,src/main/java,src/test/java
e6ec59b107f2a2afafcb5734cf91fa49d8036fd0,src/main/java,src/test/java
e5c7e4055ab2a40cb107a7ebd33766867325d5cc,src/main/java,src/test/java
3ef79313597d7d49067c48d65a09042d8d94822d,src/main/java,src/test/java
b5839871867024885927edc2b087e0c718fb73b3,src/main/java,src/test/java
36d811b2d4cfe1b867823bd60ccca25abbc80b46,src/main/java,src/test/java
54e26e0856b2f1fcab43bef28db06a389709f843,src/main/java,src/test/java
216ac0065f5f75e72601b459c7b9415f81be17a8,src/main/java,src/test/java
3ce388e2a9c12c54f1c3f94bde4a826d5422be81,src/main/java,src/test/java
e786b2c643ae5c8312e81d5eb75cd6c246759d16,src/main/java,src/test/java
b91b3efb3854c0fd0f270bdba6cdfa8058c0515a,src/main/java,src/test/java
520f36b43a13681db338a07ac6c251cbe1a7a6e5,src/main/java,src/test/java
11a7fd2a4f1edc29e276cbc49728671c85911c22,src/main/java,src/test/java
1f096bbfc81c743abe7f73c836977d872b34505d,src/main/java,src/test/java
c72e5a803bb7e83acbf21382f10e1c699893d845,src/main/java,src/test/java
b8bc9b8bbfceb2e74512ff6dcf07c30f8e32e46e,src/main/java,src/test/java
0ed28b00a5df43c52741d417a74d648817c5abb1,src/main/java,src/test/java
88f944e1aada536e9a70b041387bb328d61490cd,src/main/java,src/test/java
a5d8d115cb85149c62059a23e8f4d318cac0e903,src/main/java,src/test/java
ac3759aec04b890a0c6c701f7194d5a72da5aa71,src/main/java,src/test/java
8dae192919073d7851ea2f5e043d9eb942a2e5ca,src/main/java,src/test/java
2bd1b8d09c8abb942019c570c6ecc621544af71c,src/main/java,src/test/java
53a80e57ce857902abf70ca67994773ac43da156,src/main/java,src/test/java
b13d9e1bdec7c62388592495ab0d42804ad273c4,src/main/java,src/test/java
8409d9ad6019f22ea8609c18d54864da6dafb047,src/main/java,src/test/java
f2b7462cfa233439576314c2ff1a5872c680f3fa,src/main/java,src/test/java
1a15d5f4c13eca0435b0ed7e6a624064e7f7e07f,src/main/java,src/test/java
53257329dd394be1333b38bae787bf0cf19dc900,src/main/java,src/test/java
966d2eeef17b0b9bc7c07822be8da337bffedf97,src/main/java,src/test/java
e67d4e77fe5408e212daa057fa59ffa6249b5e13,src/main/java,src/test/java
2e2a0aca2d6150c000e7eaa3e94da12097db6cd8,src/main/java,src/test/java
263601a77802082d5cd6388bc151a41fd9337fd9,src/main/java,src/test/java
de147e5cc14f8dac6da785289421a55b11d21aa6,src/main/java,src/test/java
65ed08e15af15617e967d3ea9d635dc55a0ef866,src/main/java,src/test/java
947d3420b62e8f7aadc5f3fbd1ceac0463c33937,src/main/java,src/test/java
0482f58cd0e23a19ad8ed8c0e0a686719141942f,src/main/java,src/test/java
09fd185dcad24877a19a6318b2cd1845e8b36c22,src/main/java,src/test/java
dc782783130f819962c8ab83269dd8617817a9c5,src/main/java,src/test/java
798554a8d1decc35fdb8d6c0043f893d12facfed,src/main/java,src/test/java
1935989fac4493870a185e9c4eaee481a968aac4,src/main/java,src/test/java
f6fddf94c74502469c013ed94599bbd7fa2d89e7,src/main/java,src/test/java
711d6b94a120d413e9d8bd21bb26ec7d0aeecc39,src/main/java,src/test/java
91cc42ba0493938aa53585720b315b62c5784a96,src/main/java,src/test/java
71bc39e0beb9ac121c22339944ae14e4095dd0cd,src/main/java,src/test/java
74e00296574dc3ac0bc064fc3258faabaf732d6c,src/main/java,src/test/java
c23859f0172edba1ff75577d0ad98e3fb41aa6d4,src/main/java,src/test/java
bb4bd7481c7592cf1c5044dedbda71469f4f276e,src/main/java,src/test/java
47404f6f6e9f38f6e84097b6b0e860484301203b,src/main/java,src/test/java
b39e2d0fe3da5429c555ea1423ff41dc6a12d61a,src/main/java,src/test/java
660821d1758a0bc7eabfd80b6e5528a579a01949,src/main/java,src/test/java
68d2ef89ad7e959656e3e673d0731c2a3e3bf147,src/main/java,src/test/java
bab8c17720d83dee4e79bc591483fdaf1d29fc95,src/main/java,src/test/java
377990836d633f7ec9837b5c6b75efbce549ca68,src/main/java,src/test/java
af3fffb74b6e2e35548a9519732077652fe89bb4,src/main/java,src/test/java
1ae0a97fb9bc80229d7777dd4a8b33067bacd7e6,src/main/java,src/test/java
b7c6f9c6616bf63d910b00796169b288c0af1b42,src/main/java,src/test/java
efa7825880d8c1c7411e51c5e21df6a004b78a3b,src/main/java,src/test/java
c8becc7c47963bcdc1578298846ad6fbf08f64ef,src/main/java,src/test/java
91e6ac584320681913de4a71a4e8d9f837e099b4,src/main/java,src/test/java
882556eabbeb2f62939aee29afdec2a01ce4bbe1,src/main/java,src/test/java
800943ecf2e3ecf9258d8fdf8052e9273b816a97,src/main/java,src/test/java
e98a5000cd211539bf4ba65f62cc7f81395e1726,src/main/java,src/test/java
dd8da3428be2c4fde85ab27931a30cffacfd397d,src/main/java,src/test/java
7841eeef9bcbcc2d8c5cbc9d2c9adcd13a693241,src/main/java,src/test/java
dcae84b2e8f025e93340307d8bc04d406202c323,src/main/java,src/test/java
7b9c8b7997bdcf0315e6959eb6c7305d82d69cd3,src/main/java,src/test/java
c282a044d713d78cbf7ff86694c2c224fb47e14f,src/main/java,src/test/java
8be749d29037ff597e76e0d0beb8a721f1ca9be5,src/main/java,src/test/java
384ccda58aeb2c3f825e78fc3fe61bd837940cb3,src/main/java,src/test/java
a4a9dbb5d12b4264de88b929202627097f55872a,src/main/java,src/test/java
c263976f221d9b8aabb712f6c2b729ef19abead0,src/main/java,src/test/java
f6d4c8cfaad3711348304c0b3d2901b31ed635ae,src/main/java,src/test/java
73d32c1fd118f14d5d76423a8df9f8e076688f27,src/main/java,src/test/java
3b68757304196242071b8b0af824e43ac1b410d9,src/main/java,src/test/java
681ce013786d7db57b116865394c826e802bd8f4,src/main/java,src/test/java
dfd063c57b9b26562605040acb6ec57abbc6fad2,src/main/java,src/test/java
d8341559b0f2e19d326466122eb27d2eaf9acbc1,src/main/java,src/test/java
ae3292ab788996698b05207c72eb112c62fd36ea,src/main/java,src/test/java
1e75292c0bd314860a543a1d7a7154e056ed107c,src/main/java,src/test/java
182c84f29162252c3bce5610deae721f940e4304,src/main/java,src/test/java
15dec724564070ee06c59996821aa632f6bc00d8,src/main/java,src/test/java
644e4d485fbac3c06f92ee674848c954dc89c961,src/main/java,src/test/java
5f6067b7de28c62f046d69607d374a59bf82473b,src/main/java,src/test/java
4d994702cb50c8ad80f4f977292063a118cff724,src/main/java,src/test/java
53c8cec5ceb4cd81e3f9b8858814accac83a324e,src/main/java,src/test/java
4a702dbf7e2264c0b9757178f3afbde38e07fe41,src/main/java,src/test/java
bc4e9db01c2a03062965fa4bac65782376ab2287,src/main/java,src/test/java
9776e6e59a1e5b2d77d4487f94ec0fefc5e84023,src/main/java,src/test/java
5f101484fd415819eb0f6df0f26c80ef060194f1,src/main/java,src/test/java
7aa9eeab706ae94a3e30d4efaccc452b5a974755,src/main/java,src/test/java
e129944033ea3d8ff38c8c7a1b001bf7ad0fae1e,src/main/java,src/test/java
bab9c780e9fda6582fd067f8334262a00ddb1e3c,src/main/java,src/test/java
a004b8b230b337c5da7d2b35a4cdf0b3be859497,src/main/java,src/test/java
7b67dd47e158dec4fbade20bb183930bdf8ab3ce,src/main/java,src/test/java
1063edd7bf40f5d0db402c526fc64082587afb48,src/main/java,src/test/java
330f3fe17d132bd4e2a91ff812ccf489e77f390f,src/main/java,src/test/java
e6f27ebcb9ee0a344308382b99a3894bb61b225d,src/main/java,src/test/java
bbb5e1e198f995eddb393f820ed059aa774871c3,src/main/java,src/test/java
2af72281fcb919dac92b0c4e464f847adda23be1,src/main/java,src/test/java
13d22f45624470ce5c07c085cf8b1ec0251eaee6,src/main/java,src/test/java
3e7a3e8f0cde866cdfe33dae387a9e796c324023,src/main/java,src/test/java
6de8034647875ef7ecce49f5ca9cad1a980636c2,src/main/java,src/test/java
909e6d2bb5cfd4def864bdd073485a9cff551965,src/main/java,src/test/java
d59f8b297ed4b7da1efbf9efa67ddd19d95c338d,src/main/java,src/test/java
5873d5046420ae9127cb6410c42c390607f1f26d,src/main/java,src/test/java
e4ab3df112eff5ef614823d863b1053f0453134b,src/main/java,src/test/java
dea89fc68a7d4bba0ab396c46e046054403710b1,src/main/java,src/test/java
e2a5747321089367086c2fc3e5687c530783c3ac,src/main/java,src/test/java
ce95573d61e6de535371b537e474f50f389dc6a8,src/main/java,src/test/java
4513e757a74ea0d0410d6bceb4e08a5ea727bc93,src/main/java,src/test/java
7d88f20e905c251cb64d0c3d932a7db01f471727,src/main/java,src/test/java
2c86e2c6ebbe4069d1e008efa2e2d4b2b972c0e1,src/main/java,src/test/java
60f0dd14dfc9b777b5bc2f2990acb1e9a95cc335,src/main/java,src/test/java
f80960e7fecccf657321a02dd4413c1c13d907e5,src/main/java,src/test/java
827f2bed495e71262b5d4b3871c67a1821f04520,src/main/java,src/test/java
6db6f36630924deb93a635e003853f4775a3a0e2,src/main/java,src/test/java
1803798d9fe0fa134a2424175c60ecfb214957ee,src/main/java,src/test/java
a6f014a238a7d6e1e61ea5ef5033c3443bc6f996,src/main/java,src/test/java
0b78d9accafadffe00697c2c56706043cdba5e64,src/main/java,src/test/java
09e35881f1ad74335707e70aa78fd347e37d1066,src/main/java,src/test/java
82377f0b51a996fbe2b0429abad64ddf8d5cd855,src/main/java,src/test/java
7855e7c65a5ecc769bbd984643abd55fce34d373,src/main/java,src/test/java
91f9106a9d21fab13a64bbed6eeb94c7e69e4b8f,src/main/java,src/test/java
875bdf01c34ff76004b174c8c2e594d7558fc64e,src/main/java,src/test/java
ef028845113aca7e1159b1725edd7c39ed686faf,src/main/java,src/test/java
39cf5e69259d7560d50553caf028f9229b721013,src/main/java,src/test/java
34fef656d03a5ba75047a55a894f6f72cbe59f2e,src/main/java,src/test/java
2f066a5b2d2fe8a00a251a3220b0d52446fe392d,src/main/java,src/test/java
c5e91af107171244574a78bd183c11d7dd3b318a,src/main/java,src/test/java
de2c98de19f797d87ba76feee07b67a1cbcbbd67,src/main/java,src/test/java
def9fbf8701afa6937fe582c7572c7be011c319f,src/main/java,src/test/java
3c319db494928e9d51ea6091b301302c65f4eceb,src/main/java,src/test/java
56de24ad935487d85108b9b3af3e1fcb8acf0ae2,src/main/java,src/test/java
e999ff71fdffdb1273bc8063450ce31091f5aa60,src/main/java,src/test/java
94e260fdcdabca4d6fe908d5b7ee5e31287b8702,src/main/java,src/test/java
090d7042b405a657b3507c834097fb20fd6129f7,src/main/java,src/test/java
54cf859d973c95cc6accfa56a7a95e144dbb37a1,src/main/java,src/test/java
03727b922026330d9e4e59ac5b9f3adce38dc36c,src/main/java,src/test/java
13213576173cbdac33afb4309bbb663bb5514594,src/main/java,src/test/java
48c0c453043ecae1e3edc3f2fbad658fadb1dcfa,src/main/java,src/test/java
7707b0bb80be05bbf6533a36bb0c646cbfd1026d,src/main/java,src/test/java
b6ad082c4ec97e58ff2abf37c60190580302f5c5,src/main/java,src/test/java
3eb3573c62df5b89cb02a4ea67f08d85d2ceefba,src/main/java,src/test/java
55c2d751c7231a880e3fdac6fd2aa062e81e6d07,src/main/java,src/test/java
f9dafb86010fac653d33e47572f2f3e7e1a2ab12,src/main/java,src/test/java
6be65936bdcfd2a3e04a7e8d50848a3ef9d36567,src/main/java,src/test/java
64d35b5c0abeb12e73fe2f9f627be6795aca0d8c,src/main/java,src/test/java
46207d3010e04c06360f031d662e8aca37446fd8,src/main/java,src/test/java
0e68e6e79e4c21c3caaaaf1cc49b84f08d9a4b7a,src/main/java,src/test/java
7ed446aecd4b106a53af8bb236c576b896411c6e,src/main/java,src/test/java
97ce80953ef8409e247b80a9bbd206fd43e26fdb,src/main/java,src/test/java
5120484d8451e0e51fa3e8ca9083817b182e5178,src/main/java,src/test/java
32ef2f9d0545181719b4b422d0c3dc873719d205,src/main/java,src/test/java
7491d6d38627a566c09a4556c567f76f329803b0,src/main/java,src/test/java
4870fa9a8e5bfd2a11f17e7b16649c5ee9fd58e9,src/main/java,src/test/java
98b9ed7b7038b7eff0b5c81019f0158a33310e6d,src/main/java,src/test/java
789f03f525db3c44dcc4e7566f7f69751d86bf21,src/main/java,src/test/java
dc1f09da29ce98d7c19f8fda057b0f3d6ad8bf58,src/main/java,src/test/java
d78d9e0670377940ca71271886cb0d8493009b12,src/main/java,src/test/java
6574d80fb88ac9cee0b5d9dacc5409fb618ab63f,src/main/java,src/test/java
efce868eed4c8c4ffe3e6300a6c37aa851877edd,src/main/java,src/test/java
6f7be9d495295d7315b0bc66a23571225953af14,src/main/java,src/test/java
ebb687efc867b82aa16d8514d83d91932623e895,src/main/java,src/test/java
baa06c8feab274411ddb3948580d193dcab6e509,src/main/java,src/test/java
18c7ba81f954499e4ecabf902ebf1dbf4d42b0be,src/main/java,src/test/java
246031f184541646cebb9743a3a6675ad29f1e5e,src/main/java,src/test/java
fb3c9ff347d2ee7011938da72a565f03a3d4756e,src/main/java,src/test/java
c11f2191d564ab50dbe5bb0aa521a1af3fe65d00,src/main/java,src/test/java
804309e5c5726ad22b0c74dfccdb1ed318f0a108,src/main/java,src/test/java
c00ac8120a4215125e49775cd9351e689586b467,src/main/java,src/test/java
91c94b8ca9d5dade4f02b43edd67542a22076ea1,src/main/java,src/test/java
9efc28529ba8d6c514e12b949fa88a1f91f6692f,src/main/java,src/test/java
edf9205a6dc8c634985fa2f0e07a7ef598881fd9,src/main/java,src/test/java
afef5eea05b8a7395f5ee33726aa2113771215f4,src/main/java,src/test/java
97583abf386b585040c997498199c9167d553c4e,src/main/java,src/test/java
ad48588bf1bb3a6761a3a7d2582af672f4f2e3dc,src/main/java,src/test/java
f05a11649e0a3f92ec78ada00566b1e5b8aae80f,src/main/java,src/test/java
2e81ed7142126462546fd98135786a9adeb305f7,src/main/java,src/test/java
0c38504ffa3ef520ce78e260538d7b8742c895e8,src/main/java,src/test/java
58c073d66c48d0f3d91ac41d5fe887011724c42f,src/main/java,src/test/java
3114d4ed4654f54fc1ee8e3c3da5b6cd1cd2cc87,src/main/java,src/test/java
d773adb1228299c05ae9abbacf2f3616e9a170e0,src/main/java,src/test/java
e06fe05e2dd68936e770ba67caa7b9924568170d,src/main/java,src/test/java
117852d0700155e12e96564574c75814893ad7a9,src/main/java,src/test/java
a09f995a26e4ca8ab69c08174b3699f0459e9bfc,src/main/java,src/test/java
d3892cb85f3eb8ccadada228b791170e3e0a9124,src/main/java,src/test/java
00fea9d8078d487e31cec8292dbd9bd69bc9c216,src/main/java,src/test/java
b1392325d1255f7e3a1b04a12859a8bb75e4d14c,src/main/java,src/test/java
45add3a0e7e2e94bfc29e85c9ef0856e2e473a33,src/main/java,src/test/java
eba263ad6d8e0a87985f85920eb82e139844bad8,src/main/java,src/test/java
424519743eaa976c0a1b15b10b39f87135b34fb4,src/main/java,src/test/java
76d1299308963cfda411232af1532498770053f9,src/main/java,src/test/java
219bf9a098e5cab6463e90d30ed3bdf8d515d640,src/main/java,src/test/java
438b5478f78965861cedbd4e0935e5d49df770a8,src/main/java,src/test/java
b67bf47e45fa177c25fd5c445011d868a5383a6d,src/main/java,src/test/java
6d0cca3e56cd82d68ede4919d6ca35068ce6fc89,src/main/java,src/test/java
39ce9a1b48cf474bb981d64c1ee8c59836f3d7b1,src/main/java,src/test/java
360cb76910528768731db11f39c7cffd7c3187b3,src/main/java,src/test/java
683059120457a48965db2f398d56577c15925170,src/main/java,src/test/java
15c12f11dd69208683d863444b524e26bab59006,src/main/java,src/test/java
6984da7e9ba0e559cf1f9769b5046cb947916918,src/main/java,src/test/java
4d4edd63c82e5fb9d7b9e560061f62164a7054a7,src/main/java,src/test/java
88537f8e7ed7a173d1c99f107e4dc41727db1185,src/main/java,src/test/java
d6f6b71901744f34524767875e87c3cb8689ac61,src/main/java,src/test/java
7c42d548679c6b202d15bdabac8eb95058953f8f,src/main/java,src/test/java
e260d84f6032cb9fdd124dfcfe1280f82096d699,src/main/java,src/test/java
f31a72a5c434d963dea3b76b438e965bec50a63b,src/main/java,src/test/java
11b1b60440bfbf6b58d7b4dfa270b4a2aad19c9e,src/main/java,src/test/java
5e873783294c04f2a8eb47518e808445b2b2900c,src/main/java,src/test/java
21cc8139c4fb4f124cd8a7930371d2c3368128f0,src/main/java,src/test/java
97d623a094d6d0415282016a6ebaf49d6d147c29,src/main/java,src/test/java
01fb77e16771516646f668450f538128b38e8825,src/main/java,src/test/java
80710541e282deb55f04a3355f752497063f96be,src/main/java,src/test/java
f76eda6585f8fc0cb26472d8fcd177625bf76dd1,src/main/java,src/test/java
e02f4147e1f072d68c55820f30ff9bda507ff17d,src/main/java,src/test/java
5bfbf61114fb751054cc6bfdb74b83089be89882,src/main/java,src/test/java
79a29c381815d2253a610689983cf96a00af7d17,src/main/java,src/test/java
36d87980e2c7d9b868b32bcd76018b02c256f16e,src/main/java,src/test/java
c26e90f68b327d3263ab2abe029c7c7d82552e8e,src/main/java,src/test/java
26208c15934856fadde46f75c23838d118fa6e32,src/main/java,src/test/java
f037e5e79ec342e160e5030d64aea1a8aab8076b,src/main/java,src/test/java
2f5435ad010d358bb674fddff238c97f4d1463cd,src/main/java,src/test/java
65e6fadc8e5224c9200e2179b689eb4975752ac8,src/main/java,src/test/java
0e86e9253ee4b04e622ee0e63e891199cc00ad98,src/main/java,src/test/java
61b8b011be3af86bebffcf97a5cf04907f76d295,src/main/java,src/test/java
294ab9c797a7d57533cb8746d0962f8f575a2365,src/main/java,src/test/java
5dcca48038fb6274cc155251d09db12746ccce71,src/main/java,src/test/java
ffcaeb072fe0789bb9a64f8488ce9df742ba7da9,src/main/java,src/test/java
14793a7de1abaaa1ae1abd0092e70f278757ea2d,src/main/java,src/test/java
76495c3c72416296f1c8f0a02e697a936d888036,src/main/java,src/test/java
2e7caff6901bb06556b2844be5d7924035358949,src/main/java,src/test/java
fc024205650fd286f407da7fa40cba524a15f7ae,src/main/java,src/test/java
32209ce225eae6832c8b438d0b627c1238d5130b,src/main/java,src/test/java
d02d0109a7a4405c0355d54bac5218aa057a1423,src/main/java,src/test/java
96f544b1721490b564dfea76f076d4d8c7d05d15,src/main/java,src/test/java
c1595c2389f90abde7695ba7a41c1a111b105683,src/main/java,src/test/java
9733c588bed1ab39388f76edb344968c742c7f78,src/main/java,src/test/java
6033d14c1fc1b408e4f20e0a7f2a7b52ce81ca44,src/main/java,src/test/java
d05f26160a434239c8d81be80206838ac63ad1c3,src/main/java,src/test/java
0b954c55d91d02491f6a5ba6cacec1f40ae7a908,src/main/java,src/test/java
699280671a54b73f2b8eb45d65c9fd5a84fbbd38,src/main/java,src/test/java
3bfa7d188e4284defc9089a7fbadfc0415ed42ff,src/main/java,src/test/java
ff789397fe1715a953dce79ad33acfcb5a673a3c,src/main/java,src/test/java
f981077c23a416b8e8597af8ba7a4c1e8236a729,src/main/java,src/test/java
622f5b537a2126a7f6ae1047c7e3753b5f23d56b,src/main/java,src/test/java
7b764d57c4907adfc5db3135c0781202c25d55b1,src/main/java,src/test/java
7e4a6f8b6af2bd75b6eb70def9a44641e1d25da0,src/main/java,src/test/java
87430634d19f8f3af1e0019f733afb578c80d669,src/main/java,src/test/java
9054aac4b948117b838d6a5b15be1f50965d805a,src/main/java,src/test/java
0264e5833a5379d77d9999f544ea2299a17daf80,src/main/java,src/test/java
6c3e60b9830edf4dd6135b73e8512ff9b2232a5f,src/main/java,src/test/java
ecfebf7a797146254d7f88a6be633f8fa956e4dd,src/main/java,src/test/java
370a7835419930860cb1708e4653647c04b6512b,src/main/java,src/test/java
93f7fa5d4b49099038f03b227a6335b147f254f4,src/main/java,src/test/java
255ebd2305137a648d85d05dcc438e9d4acf329f,src/main/java,src/test/java
dc9c694e3669522ec6dc71523e4530d7208a38c4,src/main/java,src/test/java
495906471420152675a37d2e52b8a43a9f358408,src/main/java,src/test/java
4b75615490ee84bfad20bc4f283c3ed11ed6d8e8,src/main/java,src/test/java
272ead50e879b7e5007c9328f4a0d39cfd61a0b2,src/main/java,src/test/java
eb1b2cfefa07149f078a81c8fb30bb826062b7c5,src/main/java,src/test/java
a3200e5d80add4a81f716bf5ba8155ef378de18a,src/main/java,src/test/java
0d52eb2bf1fa6b106b84f2f8cbadd20658ebbcfb,src/main/java,src/test/java
98cfeedd7930e9821ea22124f2ebe74da52b534a,src/main/java,src/test/java
a71e2a4cf09782af2bca9253929cb85bcd9a8708,src/main/java,src/test/java
92fd8402061493b30e71abd174dfda7cfb496f06,src/main/java,src/test/java
120e9f5229c0e1f27788603fe95dc8a43f686ac9,src/main/java,src/test/java
a2f8a1e856fc52d98caf883084c057d8c12f50f4,src/main/java,src/test/java
47fc86afb7dd7656da5d5bf0316b6e52268070a5,src/main/java,src/test/java
71f799cf419b3de39930f40beefc0328b348fe72,src/main/java,src/test/java
38844d12e3c59b3c39acc8c00d7e1dbc52d84e25,src/main/java,src/test/java
ba818febff823a67d3e68f3c500183f838071f23,src/main/java,src/test/java
f76efe5f4ef36fadc677c94269927076f2f42eb9,src/main/java,src/test/java
7e00cc35a331ab86e33838579a8507c6fb6d0da0,src/main/java,src/test/java
30bacfbe14e57ec64d08baae52efa91877e8dd9b,src/main/java,src/test/java
6a07726a825da09003d153e52ea30005b1a4c013,src/main/java,src/test/java
8de3eb542b2be80ba309b2c91ae1dba75bdb5063,src/main/java,src/test/java
583d981e3fcce4dc1ab64d33a0cab06fd44385aa,src/main/java,src/test/java
82d2bae36cf63cd61003fc970d96cc0ee50caa56,src/main/java,src/test/java
0f12bac5c36f957c55abf7acc83b1794ba9da107,src/main/java,src/test/java
40b47ce75505079af56befb0088a26de8c8d141b,src/main/java,src/test/java
012b2e98493e90800918569bf51123e860578eb2,src/main/java,src/test/java
2bc1662e8b098f6de01f893ba7c672306447fd70,src/main/java,src/test/java
5481717de9f248dfcf4c4f4a9dda0487ee1bef1e,src/main/java,src/test/java
d7746eaf072af359f8511f0e6ca248666d5b8ddc,src/main/java,src/test/java
b28b68fb727ed7ec71f78753ccfbf9caefd50b76,src/main/java,src/test/java
26e3a26e0aad9cbd9efcc0a9928f2fd861ee2da9,src/main/java,src/test/java
43ed5002e1483019207c5130459ef469c24dab31,src/main/java,src/test/java
d2a5bc02c002acfa220ce8bad23b9e8af137f47d,src/main/java,src/test/java
5d217094d0b07906fd0960e4a372971de70523df,src/main/java,src/test/java
91b44a1ef7563f54e8acdf29906bd872985a2a6e,src/main/java,src/test/java
2d734bba70a2a3bad45fc86bacb45d9c37011105,src/main/java,src/test/java
0db46cc7ea92847d8c71564ac3e0020d7c6be144,src/main/java,src/test/java
917b65a75aa265d88de4ddcd0b74775308a0912b,src/main/java,src/test/java
7053ca83e77bbf7370e473ba0b30fcb0dfd47a9e,src/main/java,src/test/java
229bbd70dea027a56016779dbcaae73f70a2ef0b,src/main/java,src/test/java
f27f087466f834092e537777c9f91e47c87f024a,src/main/java,src/test/java
7ec3424a828f5619df7eeb40f7d2f35cda3c015a,src/main/java,src/test/java
1909dbe0ca1fc678d9baf1388f8efcf4c65b2a54,src/main/java,src/test/java
7dadc2ab019f066a7a287376ad4c63193e8a0a9a,src/main/java,src/test/java
d4e5f1ce10a4ca8c13625bd03c00a156238655cc,src/main/java,src/test/java
a4f9188a55e6935d4d38ae97806af4d59e671588,src/main/java,src/test/java
3fd6780f1d91200ad904f4dc45b91d5b3c555d4e,src/main/java,src/test/java
83aa5b038596e35ba8f1482cdfeca258e8a11c0c,src/main/java,src/test/java
c25bad3d61bc21eaaaba5dc10615d81d5c0c5217,src/main/java,src/test/java
7bbad398dd4da51c933414be9a17b07179dee5e4,src/main/java,src/test/java
76fcbc838c0f27d9b029c1f283390cb4f47f8895,src/main/java,src/test/java
28f28f18ae42f154e9c43de8c3b78f85adf9b318,src/main/java,src/test/java
fc505bba569dede0d29a401798fa9f55df9e27f1,src/main/java,src/test/java
1d3a7b6b83d04036d574db3a056aef10fc7b7a51,src/main/java,src/test/java
cfff0e3cd35c9ddee335eacfe90a61ca66e0c42a,src/main/java,src/test/java
b4899f6d1ab7534c21921cae36f952d8a0cf78d9,src/main/java,src/test/java
526cab34dea7b961f22c55b42b4e44c617078e85,src/main/java,src/test/java
006e834bc3d18fc1d649392a606f4f291378c965,src/main/java,src/test/java
adc837ab18b037b1f28974702aaaea4dcc36595f,src/main/java,src/test/java
aa6149b287a69c64fa513bc4cf987a75dc727876,src/main/java,src/test/java
103f12391b89112f030b921a7c4969f00ff23b44,src/main/java,src/test/java
615ca9a000c253575e6f62bed87db6110b750834,src/main/java,src/test/java
7272826424a28e22d96b86a8e320a37b9e006e71,src/main/java,src/test/java
a2711c189d9754c22e3aba2de1c6c125e52626aa,src/main/java,src/test/java
f680d9de50b4037a7afb04c4d33a9647d8f5372d,src/main/java,src/test/java
696375ef922347935e2e0b7aba44e3a2923b3e2c,src/main/java,src/test/java
c8fa333e28f4c85e15ca8fb10f6f9eed233f5546,src/main/java,src/test/java
1c93d7e8e7e689b98129f3ced92040bbfabb971c,src/main/java,src/test/java
f184aeb7810bed8c89b2c8cca4f8164aef535e56,src/main/java,src/test/java
f41fcd85ca62a2109a6e550be0353d292d351213,src/main/java,src/test/java
9631f916aeebde25eaac0a5bb176b93d50981fff,src/main/java,src/test/java
9d8efd6affe7ee59a08d5e18eb883ce6793df1e7,src/main/java,src/test/java
094cbe6dc3d9b8531acd657c6f081af9517047b5,src/main/java,src/test/java
44a3c8c4fab430857ce59a7e5b7d41237341a6d0,src/main/java,src/test/java
445ff585de894350f816b50363ca14f51fe9f175,src/main/java,src/test/java
9c478ac26ef320ce92936be6b96966d61511a7bb,src/main/java,src/test/java
fa959ca8c89133c3a2f024a020ec80948ee31926,src/main/java,src/test/java
6537e18ad189603e19615226e6aa1a9cdd154b8f,src/main/java,src/test/java
416ed796d9618d3d840ad7b90c172e3df630730a,src/main/java,src/test/java
7a01d5166d3c7794812ecf01a205a546bf461298,src/main/java,src/test/java
46af8180a7dca91b3a59d587b35ddcb56d508dc4,src/main/java,src/test/java
fcabfb5a821e31e42aa15740ebc7d740e689819f,src/main/java,src/test/java
f11ad9cc273c33be047333a0961758f1ae330bc1,src/main/java,src/test/java
5147ff5664d0c349da30fcaf86a8c3b370cccd59,src/main/java,src/test/java
68c6b9e939cdc3bd5b78de04d25ca0c21b59b5cc,src/main/java,src/test/java
384a216e3f32cda58559ceddb8b161c395239553,src/main/java,src/test/java
aa09ac7ca6e01a2ba41470ca590f07f2ada8af6f,src/main/java,src/test/java
356cec438fc8bc0a6c3f26b970d1693435aeb033,src/main/java,src/test/java
29c3b75e2d5120771ca85ffcbffc9b7cb5d45c58,src/main/java,src/test/java
1687372e34828dff42e1482ed6575bb982b81b00,src/main/java,src/test/java
01cb4ed42a4bfe80d8e3f047827f68ca498cec15,src/main/java,src/test/java
1d98f1d5aa7bd247aa8a5bc8a884f3bb1d71c669,src/main/java,src/test/java
d69cc30e4c100930a958768316d50f0e8835087d,src/main/java,src/test/java
2c339bf760b29f7f629ca24a8b51c5b0d365932f,src/main/java,src/test/java
034b4d68157defc3199f618fdd2d3a487306dbc2,src/main/java,src/test/java
d06e7b7c8e646ff489a5dfba47dfcb283a194e9b,src/main/java,src/test/java
0fb163458b263830d282bd6c6787ea7c8725a5ac,src/main/java,src/test/java
8acd07911a2831d86842ed1fff10ce26c5f41264,src/main/java,src/test/java
a3b45ceffede0bc816d095e161ed2ebe43628816,src/main/java,src/test/java
39e2ad8af8fdedac51144158061cb31e7863c3a1,src/main/java,src/test/java
523df0c13719150b1397a6094f410274bfaf1475,src/main/java,src/test/java
d607614a8827a1a5fab587b6e692601d5673833e,src/main/java,src/test/java
0fd871ca2c7b94bde0237cdf2f688460a05c1895,src/main/java,src/test/java
e62bb3b7a7a3bbf0f2139a5d111c05f2f09d3221,src/main/java,src/test/java
47c5f8a397f83650d1f3b590bdfbaa2b00758e5b,src/main/java,src/test/java
3962779401061b95c64e3a73c02ce608f36b4ece,src/main/java,src/test/java
b30bff0126e1a0301a8b86b40a0b532f1d0ae28f,src/main/java,src/test/java
d6555de715889237b7be11639d164e7098862003,src/main/java,src/test/java
dc3d8e687d1678fc9557bc8ed85104ebaac96c41,src/main/java,src/test/java
340af239a361695d8c9c2b7009de45f12c17bead,src/main/java,src/test/java
8ea4ff364c2d5961fb6afc2c18ee40c25b5f06c3,src/main/java,src/test/java
a9ececc5b2cea19b433fde33f45ccd05634afbce,src/main/java,src/test/java
c44b2009e01632c51980c22d05340c769cbf34c9,src/main/java,src/test/java
cc7e3e7fe46844f068c622cf439ef4b654d971ec,src/main/java,src/test/java
b3ed2415fc58b34667d99f077bae6c8e38b7aced,src/main/java,src/test/java
bd345d954b85ef8eb3867c5044f933e34df0c124,src/main/java,src/test/java
788953ec424f23e2e26b3eb09edffc2cd44c3687,src/main/java,src/test/java
9ca7fb78ef078e05e164cab0ad742c6ae49374ae,src/main/java,src/test/java
ca1ca9250b99dd49434468aa5530eb00b2f0680d,src/main/java,src/test/java
138baec1c778c2ea1dc1a6efe6d5e76a3b072b1d,src/main/java,src/test/java
7d903ca533833e5db8d2fe150f1e31b54ddda700,src/main/java,src/test/java
3ced4f2a4e2546f0d7c309bd8f6305edee0dee8f,src/main/java,src/test/java
6e3ea6857dce8b7a586c3af555e21ba35a59ea54,src/main/java,src/test/java
d620d8b44b8eaecdde01735734273142a3e15f0a,src/main/java,src/test/java
d21aea46978292295131be3d5298a283f2adb62a,src/main/java,src/test/java
051edd33e81d09cc10e3970b3ee0b1a62914a0ab,src/main/java,src/test/java
2e8a54f806614b92e18842342a929ec7fd62b818,src/main/java,src/test/java
d962ba0d9c92943dff986e2016bd840241af2e86,src/main/java,src/test/java
c2b8c0644f662d003134a5bd352e311a5c191d75,src/main/java,src/test/java
e91dec76a00e05c451496bdcc7029a626ac684d7,src/main/java,src/test/java
43af48f935a6e277b50beb1566ba8786dd17cb54,src/main/java,src/test/java
87633a1abeef44bfcfac8e74548f3d69535af3e2,src/main/java,src/test/java
ba97018855851acc627871d5660054a3d1bba8c0,src/main/java,src/test/java
14c336d5881b97740fc8656aca514c8ca49204ea,src/main/java,src/test/java
656f9a841266e10b56292de9d6c5b9d73b8d9ee9,src/main/java,src/test/java
dd0ddef3f8bfdb32b1634fc5c8abf49e3e69f12e,src/main/java,src/test/java
6f06aa0713d320ee7580531f49d635b4a606c13d,src/main/java,src/test/java
71b31811964d5dc9387a53235e3f70616944de99,src/main/java,src/test/java
b05f8dca124e43a35f9d61f26aa776a423cf67e4,src/main/java,src/test/java
8c1d40bc28b09855654000568f187c52221ad2f6,src/main/java,src/test/java
31aad6494d0e9f8cc41ea1f716fcfdea1e13bca0,src/main/java,src/test/java
8a1a9165920bb3d1223a79f12bb898724846953b,src/main/java,src/test/java
4ece1884cc408e15c8f1db9010fec5cac43937b9,src/main/java,src/test/java
327124cf4ca07f9e733ccc06f7432b50e149ea9c,src/main/java,src/test/java
f36be8e8b7371fb8814456b6c095866aa802de78,src/main/java,src/test/java
0878ad4bc8e4ac345a2c27449a0686b0877013d4,src/main/java,src/test/java
6eeb2b31a0e4b9690666f26d148d0eafe1f662e7,src/main/java,src/test/java
317793eeff84dc9b260301adbe4aa8f5c79f703a,src/main/java,src/test/java
59dcb042872e2694d6eb8f5a0c1e297b833972fa,src/main/java,src/test/java
72120337219d7d0b5913ac8bf024313471444910,src/main/java,src/test/java
9be86f674f91fa3fe0a8694e7b98472dabe6886d,src/java,src/test
4924022077e6f6270191e07248e90b43ab3158a1,src/java,src/test
8de8a3b6fa5f4d7ea817f915d957ef309441762d,src/java,src/test
1ae19043a1f78a2661e6907bf9ac3ee1be82e0b0,src/java,src/test
81d127cdfb34bccebe12b817c79832dc489156b7,src/java,src/test
c9d5302f2a835aef2264bbcd310c05032358cee0,src/java,src/test
0bfe55d896afa56e8a96132bb059cfb748ca559e,src/java,src/test
62bed05b1491a68d1416392e3e4cb2665f995010,src/java,src/test
602e3fec32294ab720a30c11b743cd04140f3ff7,src/java,src/test
75f5c92aeb47e264c196a8c38a495adac89f493c,src/java,src/test
bd8f05c4dda4b5b00e525e08fd6c95d256423c97,src/java,src/test
d0c52c49b7efa5367b154443bba9910cb19e6419,src/java,src/test
1b48dbabe18ca22396bd737df73e241cfdf8c0c5,src/java,src/test
24a6a2692e942969f5c39bd88d3d12ac0f0bf0d9,src/java,src/test
0addaa71917aa9ee380219c3ae4a7124ef55d601,src/java,src/test
c0f3bdaed8cccc8ca76e8d060e96a657fa0f2476,src/java,src/test
4107cb54fd39d551e0074424b746137aff040faa,src/java,src/test
921b72335944cbbdaed6fdaac89882466c36e230,src/java,src/test
0c84b28c3542f3340f7ec0dffc34c60dff66604e,src/java,src/test
62b3877f953dd47c4d301be35c77446e2cf55311,src/java,src/test
43336b08c6c27d55c1c6e8c1b6330cb44a29044e,src/java,src/test
9c554280dc13f68798d0814e6209be35e706055a,src/java,src/test
6b108c03e70b8d0388093de157dbf61fa4d4f5a2,src/java,src/test
d792ae74c63831f254e87a0c169ff6dd4a2f8e74,src/java,src/test
8d356234ae61038c10881249b39b173d33aa0d40,src/java,src/test
382b57344ca9dbb3ef669d0fa41e3124c3867fb1,src/java,src/test
55a5e54455c21833b407fbd52b5e66888f211ec7,src/java,src/test
6fbda16e8533950829ef3ba09722d39672bfaf91,src/java,src/test
da1a5916e45abd0fc0adcfb56eeeab8b14314a0e,src/java,src/test
6750484753d78a0ff278506137aceccfa14ee4f0,src/java,src/test
9fb5d27fd15d856b136fbadd3d7bb7dfbd0ddf50,src/java,src/test
e1df5f5486f10ac521dfc3dc20d1bfe508e67aa8,src/java,src/test
924b6d76a2d44baf858c3aee46ab1439c9641959,src/java,src/test
58b5609fe8f99aabc990d885bf6c4d85631b7c79,src/java,src/test
63c7bc9d7cbee21a7f6acc5a9b85d1b8b0e3a205,src/java,src/test
85a8ab2dcfc26e83be1514acdb11d3feaac3e73d,src/java,src/test
3112f69e1d789e00fb21a1dde901b313547fed60,src/java,src/test
7cd3d822b65b7acdd1f6e1c82b291cd994f4fe05,src/java,src/test
ee88057ba86b543c4f678f8e28b1620c22b19f0f,src/java,src/test
a96e597894562c2cf01fc678f6c435d65ccc31c5,src/java,src/test
ed2d9a65f1b2ff54957fbc2035f7ffd2c5f7a7b8,src/java,src/test
840310897e473679907a4fa02cb22775db1ac3d1,src/java,src/test
fbf87122e0f7229892b6dbbf2e211cc46acea008,src/java,src/test
e640d1613751a99ae4c468c9567f21ea13b496fc,src/java,src/test
975caf47bff6ccca21a15c5d6c338c5217a10626,src/java,src/test
ca850ee0de21fe95a3b840c66b8b9d409ef9f1ef,src/java,src/test
613791e7a55fe6de9cc3cd988f649ece7ab59286,src/java,src/test
e6449cccdeaba96ffba4c27db322c5c3d5c18662,src/java,src/test
231e2e584f0fa919f74485519f8b8faba5a3d58f,src/java,src/test
704342d6280becc3be194a23dfda2e56c2a64aed,src/java,src/test
e7110eac1a03a118b7852659581a7a84b60f31af,src/java,src/test
8bbdea576022e0374890c6800101fe7c8e8846c5,src/java,src/test
0fa1692279761d744d08181ab6eacbf09c348515,src/java,src/test
40c365e5cfaf905286ef478ab1362afbf4c8b53b,src/java,src/test
2384ac70e8740ec3c4ec764c5351df751d3f658b,src/java,src/test
7cf0c980d5d814daf187502bc07da0542ed7a828,src/java,src/test
ed492bd0c5c5c3a0258a65cb31cc8723d8f011fd,src/java,src/test
a0f3e0435c405ec842240413e2165863c9c76a16,src/java,src/test
f485a1c7ebca34d5f365f870ddf0ff0e683bd769,src/java,src/test
26cf6d543deeb2e59564ba23568c83eda2b389bd,src/java,src/test
39a301390b6493e1df780be3b7c64e9dd8d33dbf,src/java,src/test
9000d66d69dc6efce83be8898941a26ccfd9fb3f,src/java,src/test
6fc2a75e2668ee2b1cd3a6002f1d4c579b081e9f,src/java,src/test
055a88a6a674425296ce4740fc4f8b5365cff16e,src/java,src/test
a129a596ba936f79175c2f23ebf4767728fcc9d6,src/java,src/test
5d2fe77630944293eb86a1553e303cc80c05e938,src/java,src/test
0e9b00010655cffb2bd0443cca5706588bfc628d,src/java,src/test
876d133334e8dde309cc11f884c0dd4cc9ce530e,src/java,src/test
32643d19538ad853a1280eb4060c4f15ac6dc3dd,src/java,src/test
2c6b6be4ba2b9abf4dc6d52864b148a910de8e90,src/java,src/test
29b732ce0f974e2347b50477c401f0c503a8a981,src/java,src/test
32e72c063fae41981fbf91d25b1a7213a041ea59,src/java,src/test
494f8bc48c13298a4a31e31ec447a9fba393a28d,src/java,src/test
9dd3ddc9d9352d55531f8ecfb4e2fccfee72c62a,src/java,src/test
ef26f22a096e5e872f5bbbbc8a18092c455ab275,src/java,src/test
ad94f87d49767e481381952243bffbd6e0e346e2,src/java,src/test
a74b372583346e6ad007314f4bb1f79f56d7a378,src/java,src/test
1af415f3efa9d48698f403d6486e81fd832a957d,src/java,src/test
53483bccb065d5798528e40915aaa1b833e1a021,src/java,src/test
efe7b9deabb457a8151de6e7f11c893c707ef712,src/java,src/test
f54e5bbf25bc15054c5625c3aa75f4d0db1802d2,src/java,src/test
4f57455d53f8f7cb2b25aae014ab73237fbd41a3,src/java,src/test
5c4de78d59db412fe14d9217549cde6b8721ac22,src/java,src/test
479f7773075c136b43a9cf120704c77c0a4880ab,src/java,src/test
e350740b434607e52f5a2850fd81b7d0196504ea,src/java,src/test
fa601ee57b549eabdd099489b7cb09d2af08b5dc,src/java,src/test
d838e256d9e4ad88221b2230612e78165fee5de5,src/java,src/test
9283a8ae9db16e08e9447139bc95f7b7aab82a37,src/java,src/test
96ef54d716955b6e8f8e232813a0470d982ad1af,src/java,src/test
a65f933ca572365fa8c7dd7697d97611e7ade528,src/java,src/test
ececa46fe81ebd38c07e487a5e3368fb3aa16e25,src/java,src/test
c7b489f1e9cf9ceaff0f5844fdcf6630224ebf16,src/java,src/test
f9b16a4ae42164d096dd21cc060c0802039ba15a,src/java,src/test
a1bac127067c912b4a9f7a2957c427853a36c730,src/java,src/test
b8058233e92ad635fe204f450235cad597cd70f2,src/java,src/test
4ce05bcd51ec956d789d20b59c743603d24a8ab7,src/java,src/test
c43fa5d5abc9a17a1bcc05831dfc42a5d0195bff,src/java,src/test
e39a7750ef362679599b623b05bfadb150832515,src/java,src/test
d086678c5fab5b04d67355a20889e6e0bc274026,src/java,src/test
3d2d4efeb0a6ccc3acf0f2a8b334bc0ebb6b3e38,src/java,src/test
1fbd10671e6dc5c5d1ec966d657ca35f3fe81316,src/java,src/test
2efb90d039689b83f2d274665255bf62481a3f2f,src/java,src/test
ab1b9500fd4b6898757e9c74dc2eeae692b25146,src/java,src/test
fc21b26f84312e4f75e8b144238618c73a8b091f,src/java,src/test
4df07679418372f4a0bb6ef02e2c1e0ca7638350,src/java,src/test
a6ab98b9867145c7d4eccab43c9ab8927aab06a7,src/java,src/test
5de83dca70afabf12bd46bb9ab438753c14c7453,src/java,src/test
41ba9e00e3bbde990f6821f67f0da2a5575b9ac3,src/java,src/test
74056a1fdd85002cd455096f9d3d42f5cfb280b2,src/main/java,src/test/java
64cca1d9354664286d602d7e16b2f088e31ba45e,src/main/java,src/test/java
f25cf01de7b1a63baaa60bed02c7fc3a88b8750f,src/main/java,src/test/java
b418a08fd8df1f79c464cd34274790a01425070c,src/main/java,src/test/java
eb60d3d8b5ac846eeaa4c6588fb820223465db13,src/main/java,src/test/java
8c131082913e0edc1ae248d36407f88991d7aa53,src/main/java,src/test/java
405e3967633804c42cbe3f90fc013bab94eeafbe,src/main/java,src/test/java
1ea4c42de826a0b64f3b1926a5deb6c2e4b8d64b,src/main/java,src/test/java
7c4c349f26e4ddd2d5af00486cf1f445b5523c20,src/main/java,src/test/java
30304de1199acea1dde522ba9155ac910fc64ed1,src/main/java,src/test/java
